"Cleanup ID",Zone,State,Country,GPS,"Cleanup Type","Cleanup Date","Group Name",Adults,Children,People,Pounds,Miles,"# of bags","Cigarette Butts","Food Wrappers (candy, chips, etc.)","Take Out/Away Containers (Plastic)","Take Out/Away Containers (Foam)","Bottle Caps (Plastic)","Bottle Caps (Metal)","Lids (Plastic)","Straws, Stirrers","Forks, Knives, Spoons","Beverage Bottles (Plastic)","Beverage Bottles (Glass)","Beverage Cans","Grocery Bags (Plastic)","Other Plastic Bags","Paper Bags","Cups, Plates (Paper)","Cups, Plates (Plastic)","Cups, Plates (Foam)","Fishing Buoys, Pots & Traps","Fishing Net & Pieces","Fishing Line (1 yard/meter = 1 piece)","Rope (1 yard/meter = 1 piece)","Fishing Gear (Clean Swell)","6-Pack Holders","Other Plastic/Foam Packaging","Other Plastic Bottles (oil, bleach, etc.)","Strapping Bands","Tobacco Packaging/Wrap","Other Packaging (Clean Swell)","Appliances (refrigerators, washers, etc.)",Balloons,"Cigar Tips","Cigarette Lighters","Construction Materials",Fireworks,Tires,Toys,"Other Trash (Clean Swell)",Condoms,Diapers,Syringes,"Tampons/Tampon Applicators","Personal Hygiene (Clean Swell)","Foam Pieces","Glass Pieces","Plastic Pieces","Total Items Collected"
1244,"Rockingham County, NH, USA","New Hampshire, USA","United States","43.0542, -70.76913","Land (beach, shoreline and inland)",2015-11-17,,1,0,1,0.62,0.0314,0,0,0,1,0,1,0,0,0,0,1,1,0,0,0,0,0,0,0,0,0,0,0,0,0,0,0,0,0,0,0,0,0,0,0,0,0,0,0,0,0,0,0,0,0,0,0,4
7191,"Rockingham County, NH, USA","New Hampshire, USA","United States","43.041171071596, -70.715298056602","Land (beach, shoreline and inland)",2016-10-24,"Odiorne Point Drowned Forest- Souhegan School (Blue Ocean Society)",35,0,35,30,0.25,1,0,5,1,3,3,3,5,2,2,10,1,12,1,0,0,14,2,1,7,15,2,57,0,0,12,0,2,1,0,0,0,2,0,4,0,1,0,0,0,0,0,0,0,6,10,73,257
12633,"Strafford County, NH, USA","New Hampshire, USA","United States","43.130461693232, -70.844006538391","Land (beach, shoreline and inland)",2016-09-30,"East Bellamy- Great Bay National Estuarine Research Reserve (GBNERR) (Melissa Brogle)",19,0,19,840,1,20,0,5,4,3,29,1,5,1,2,62,18,42,9,9,1,1,3,1,3,2,2,25,0,0,29,2,1,2,0,0,0,0,3,2,0,8,0,0,0,0,1,0,0,37,3,24,340
12634,"Rockingham County, NH, USA","New Hampshire, USA","United States","42.98570401125, -70.762199163437","Land (beach, shoreline and inland)",2016-10-08,"Jenness Beach- Children's House School (Terrie Colbert)",10,10,20,10,0.25,1,83,18,3,0,17,5,4,10,1,11,1,1,1,3,3,5,2,0,0,2,0,4,0,0,0,1,1,1,0,0,2,6,0,0,1,0,0,0,1,0,0,0,0,31,1,35,254
12635,"Rockingham County, NH, USA","New Hampshire, USA","United States","42.941046106565, -70.792948007584","Land (beach, shoreline and inland)",2016-09-23,"Hampton North Beach - Sant Bani School (Jessica Pine)",24,15,39,20,0.75,1,115,31,3,0,4,2,2,5,2,8,2,10,1,6,5,1,6,7,7,4,7,22,0,0,32,1,10,0,0,0,4,2,0,5,1,0,0,0,1,2,1,0,0,62,2,370,743
12636,"Rockingham County, NH, USA","New Hampshire, USA","United States","43.041653310519, -70.715045928955","Land (beach, shoreline and inland)",2016-09-11,"Ordione Point Drowned Forest- Holy Trinity Church (Rebeca Murillo)",15,6,21,43,0.25,1,35,8,0,0,3,5,7,7,0,2,2,20,3,7,2,2,4,0,55,8,1,25,0,0,8,0,10,0,0,0,1,0,0,12,0,0,1,0,1,0,0,1,0,6,42,64,342
13002,"Rockingham County, NH, USA","New Hampshire, USA","United States","43.065015793069, -70.713093280792","Land (beach, shoreline and inland)",2016-09-29,"New Castle Commons- (Andy Schulte)",2,0,2,9,0.75,1,8,6,0,0,3,0,0,5,0,3,0,0,0,1,0,0,0,0,0,0,0,2,0,0,0,0,0,0,0,0,0,0,0,2,0,0,0,0,0,0,0,0,0,5,0,6,41
13003,"Rockingham County, NH, USA","New Hampshire, USA","United States","42.907594272308, -70.810339450836","Land (beach, shoreline and inland)",2016-09-23,"Hampton Beach- Nottingham Middle School (Michelle Jeannotte)",16,125,141,35,0.5,2,14931,336,12,6,241,71,27,94,17,6,15,7,8,27,28,16,12,25,0,3,0,4,0,1,99,2,10,11,0,2,21,46,1,4,51,0,0,0,0,3,1,0,0,358,31,416,16943
13004,"Rockingham County, NH, USA","New Hampshire, USA","United States","43.076474266819, -70.855121612549","Land (beach, shoreline and inland)",2016-09-24,"Great Bay National Wildlife Refuge- GBNERR/P.R.E.P. (Abby Gronberg Lyon)",38,0,38,900,1,27,5,80,13,5,99,5,17,20,1,90,135,24,14,97,1,1,15,16,28,26,2,121,0,1,162,15,6,6,0,0,17,2,17,45,0,4,0,0,0,0,0,7,0,493,589,392,2571
13140,"Rockingham County, NH, USA","New Hampshire, USA","United States","43.040477111371, -70.715432167053","Land (beach, shoreline and inland)",2016-09-17,"Drowned Forest to Pebble Cove (Rte 1A)- Girl Scouts of the Green and White Mountains (Neil Savage)",51,73,124,375,1,23,1317,159,33,3,55,102,16,32,37,146,144,400,24,22,14,64,29,17,168,255,58,275,0,1,146,1,171,23,0,2,16,15,5,81,11,37,0,0,8,5,1,1,0,116,562,599,5171
13141,"Strafford County, NH, USA","New Hampshire, USA","United States","43.130982378888, -70.918352007866","Land (beach, shoreline and inland)",2016-09-24,"Old Durham Landing- Oyster River Watershed Association (Dick Weyrick)",3,0,3,4,0.25,1,112,64,2,0,7,4,1,4,0,7,2,12,0,6,0,4,3,2,0,0,0,0,0,0,11,0,1,5,0,0,0,5,0,0,0,0,0,0,0,0,0,0,0,1,5,38,296
13143,"Rockingham County, NH, USA","New Hampshire, USA","United States","42.985806040358, -70.762483477592","Land (beach, shoreline and inland)",2016-10-08,"Jenness Beach- Blue Ocean Society (Jen Kennedy)",44,0,44,32,0.3,1,255,42,5,1,34,18,5,22,4,3,16,8,3,36,3,1,5,0,0,18,6,53,0,0,22,1,28,1,0,0,10,3,1,11,4,0,0,0,2,0,0,1,0,54,4,187,867
13145,"Rockingham County, NH, USA","New Hampshire, USA","United States","42.909346662698, -70.810350179672","Land (beach, shoreline and inland)",2016-10-14,"Hampton Beach (Section C)- Enel Green Power (Jen Kennedy)",33,0,33,46,0.5,1,4121,161,2,0,208,42,17,72,9,20,25,24,16,20,9,21,5,12,6,5,0,12,0,1,45,0,17,13,0,0,6,27,3,1,91,1,0,0,0,0,1,0,0,247,103,450,5813
13148,"Rockingham County, NH, USA","New Hampshire, USA","United States","43.010915746328, -70.741395950317","Land (beach, shoreline and inland)",2016-09-24,"Foss Beach (North)- Blue Ocean Society (Mike and Max)",8,0,8,59,0.3,3,16,17,7,0,19,4,8,8,7,17,4,54,6,1,0,1,17,0,43,5,17,147,0,0,8,1,46,0,0,0,0,0,1,0,0,1,0,0,0,0,0,1,0,20,16,152,644
13152,"Rockingham County, NH, USA","New Hampshire, USA","United States","43.02574918966, -70.729722976685","Land (beach, shoreline and inland)",2016-09-23,"Pirate's Cove- Dondero School (Lisa Lisbon)",4,47,51,38,0.5,2,273,41,4,6,15,15,3,7,2,5,6,13,1,10,3,3,2,0,10,5,7,33,0,0,36,1,4,2,0,0,1,1,0,18,6,0,0,0,0,0,0,1,0,91,8,99,732
13160,"Rockingham County, NH, USA","New Hampshire, USA","United States","43.058227478931, -70.832934379578","Land (beach, shoreline and inland)",2016-09-24,"Newington Road Hunting Access- Great Gay Gunners/PREP (Abby Gronberg Lyon)",4,0,4,1500,0.1,30,6,4,2,5,3,0,2,0,1,13,1,7,3,1,0,0,1,2,3,7,2,0,0,0,26,8,0,1,0,0,4,0,1,102,0,6,0,0,0,0,0,1,0,75,0,50,337
13164,"Rockingham County, NH, USA","New Hampshire, USA","United States","43.001398806004, -70.743970870972","Land (beach, shoreline and inland)",2016-09-28,"Ragged Neck- Pinkerton Academy (Brewster Bartlett)",35,0,35,330,0.5,20,430,63,4,3,20,5,9,31,2,32,8,27,9,24,9,5,9,9,17,8,4,86,0,0,38,1,16,3,0,0,7,44,1,11,1,2,0,0,0,1,0,2,0,37,36,205,1219
13168,"Rockingham County, NH, USA","New Hampshire, USA","United States","42.943794979712, -70.787336826324","Land (beach, shoreline and inland)",2016-09-20,"Flounder Cove- (Priscilla Fanning)",5,0,5,241,0.5,2,4,4,0,0,40,0,1,1,1,3,0,11,1,2,0,0,3,1,5,2,2,5,0,0,2,1,5,0,0,0,0,9,0,0,6,0,0,0,0,0,0,0,0,6,0,20,135
13176,"Rockingham County, NH, USA","New Hampshire, USA","United States","43.005557254787, -70.745000839233","Land (beach, shoreline and inland)",2016-10-21,"Foss Beach (South)- St. Thomas Aquinas High School (Sarah Scheffer)",60,0,60,90,0.5,5,10,42,6,3,30,1,21,18,8,34,4,32,20,25,2,2,27,11,50,17,4,95,0,0,31,2,31,1,0,0,4,0,1,9,1,0,0,0,0,0,1,0,0,29,6,325,903
13177,"Rockingham County, NH, USA","New Hampshire, USA","United States","42.909189499675, -70.810157060623","Land (beach, shoreline and inland)",2016-10-28,"Hampton Beach (Section C)- Pfizer (Rebeca Murillo)",21,0,21,30,0.33,2,986,130,12,6,216,19,10,30,15,33,10,22,4,26,8,1,13,13,2,3,1,31,0,0,32,0,25,1,0,0,11,26,4,7,5,0,0,0,0,2,0,3,0,263,75,292,2337
13178,"Rockingham County, NH, USA","New Hampshire, USA","United States","43.001459125138, -70.742648541927","Land (beach, shoreline and inland)",2016-10-28,"Ragged Neck -Pfizer (Rebeca Murillo)",15,0,15,60,0.3,3,48,12,5,2,8,2,0,0,2,3,12,4,1,15,0,3,0,3,11,6,1,2,0,0,4,1,1,2,0,0,1,9,2,6,1,0,0,0,0,0,0,0,0,11,13,65,256
13232,"Rockingham County, NH, USA","New Hampshire, USA","United States","43.027690371963, -70.728317499161","Land (beach, shoreline and inland)",2016-09-23,"Wallis Sands- Little Harbour School (Lisa Albright)",27,74,101,24,0.2,2,245,109,2,1,41,12,8,24,4,11,2,5,10,10,3,3,8,5,40,9,5,17,0,1,28,2,6,0,0,0,3,11,1,3,0,0,1,0,0,0,0,2,0,295,23,377,1327
13234,"Strafford County, NH, USA","New Hampshire, USA",,"43.122067472178, -70.8282995224","Land (beach, shoreline and inland)",2016-09-24,"Hilton Park- Dover Interact Club (Candace Hall)",24,0,24,0,0.5,16,1040,131,7,3,40,20,12,45,3,52,39,22,9,21,57,57,43,2,3,5,9,17,0,1,36,2,8,3,0,1,3,14,2,10,0,0,0,0,2,1,0,0,0,25,93,161,1999
13254,"Rockingham County, NH, USA","New Hampshire, USA","United States","43.120908478033, -70.856666564941","Land (beach, shoreline and inland)",2016-09-26,"Newington Town Beach- Newington Elementary School (Camille Upson)",11,60,71,156,0.5,18,4,94,10,32,61,4,15,9,1,59,13,22,13,45,4,5,31,31,8,16,4,59,0,0,92,10,10,6,0,0,12,2,9,29,0,0,0,0,1,1,0,1,0,225,49,176,1163
13337,"Rockingham County, NH, USA","New Hampshire, USA","United States","42.889124349299, -70.819051265717","Land (beach, shoreline and inland)",2016-09-30,"Seabrook Inner Harbor- Winnacunnet High School (Cathy Silver)",50,0,50,75.5,0.2,16,1662,155,9,8,22,27,13,36,2,29,15,22,8,42,45,53,36,18,7,9,9,7,0,0,56,0,3,22,0,0,10,6,3,16,12,1,0,0,0,4,1,1,0,23,29,116,2537
21189,"Rockingham County, NH, USA","New Hampshire, USA","United States","42.81611, -71.33796","Land (beach, shoreline and inland)",2017-09-03,,1,0,1,500,0,0,0,0,0,0,0,0,0,0,0,0,0,0,0,0,0,0,0,0,0,0,0,0,0,0,0,0,0,0,1,0,3,0,0,0,0,0,0,6,0,0,0,0,1,0,0,1,12
21193,"Rockingham County, NH, USA","New Hampshire, USA","United States","42.8157, -71.33875","Land (beach, shoreline and inland)",2017-09-03,,1,0,1,500,0.0041,0,0,0,0,0,1,0,0,0,0,1,0,1,0,0,0,0,0,0,0,0,0,0,0,0,0,0,0,0,0,0,0,0,0,0,0,0,0,0,0,0,0,0,0,0,0,0,3
21298,"Rockingham County, NH, USA","New Hampshire, USA","United States","42.81611, -71.338","Watercraft (powerboat, sailboat, kayak or canoe)",2017-09-07,,1,0,1,500,0.0103,0,0,0,0,0,0,0,0,1,0,0,0,0,0,0,0,0,0,0,0,0,0,0,0,0,0,0,0,0,1,0,0,0,0,0,0,0,0,0,0,0,0,0,1,0,0,1,4
23687,"Rockingham County, NH, USA","New Hampshire, USA","United States","43.027831546463, -70.727877616882","Land (beach, shoreline and inland)",2017-09-15,"Wallis Sands Beach- Little Harbour School (Blue Ocean Society)",33,76,109,10,0.25,1,207,144,12,4,31,2,5,28,3,5,0,5,5,18,8,3,5,1,3,31,9,9,0,0,56,2,13,4,0,0,0,1,0,6,1,1,0,0,0,0,0,0,0,620,3,190,1435
23690,"Rockingham County, NH, USA","New Hampshire, USA","United States","42.985782495194, -70.762392282486","Land (beach, shoreline and inland)",2017-09-16,"Jenness Beach - Blue Ocean Society",14,6,20,17,0.33,1,193,53,0,1,22,7,3,25,3,1,0,3,5,5,2,0,0,1,3,8,4,26,0,0,9,1,3,0,0,0,1,2,0,0,0,0,0,0,0,0,0,1,0,161,4,136,683
23810,"Rockingham County, NH, USA","New Hampshire, USA","United States","42.888385437304, -70.813751220703","Land (beach, shoreline and inland)",2017-09-17,"Seabrook Beach - Philips Exeter and F.U.U.S.E. (Meg Schoene and David Weber)",12,13,25,20,0.75,1,606,14,0,0,28,10,3,7,4,6,3,6,2,3,1,0,3,0,1,3,0,5,0,1,4,0,3,0,0,0,1,1,0,1,8,0,0,0,0,0,0,0,0,4,0,78,806
23811,"Rockingham County, NH, USA","New Hampshire, USA","United States","43.041010324446, -70.71519613266","Land (beach, shoreline and inland)",2017-09-16,"Rye Turnoffs - Girl Scouts of the Green and White Mountains (Neil Savage)",45,51,96,510.99,1,15,772,98,12,5,34,43,26,32,13,67,40,227,10,28,38,21,31,20,170,139,13,263,0,0,140,18,176,10,0,0,9,6,1,72,4,11,0,0,1,0,0,1,0,224,151,657,3583
24253,"Rockingham County, NH, USA","New Hampshire, USA","United States","42.988388105249, -70.759248733521","Land (beach, shoreline and inland)",2017-09-15,"Cable Beach- The Learning Skills Academy (Ken Olsen)",24,0,24,5,0.25,1,30,7,3,5,4,0,6,0,2,8,0,4,5,3,0,0,0,0,0,3,0,14,0,0,3,0,0,0,0,0,0,0,0,0,0,0,0,0,0,0,0,0,0,7,0,14,118
24254,"Rockingham County, NH, USA","New Hampshire, USA","United States","43.005337570196, -70.744829177856","Land (beach, shoreline and inland)",2017-09-15,"Foss Beach (South)- Nute Middle School (Mike Topher)",3,30,33,10,0.5,1,16,6,4,1,2,7,0,1,1,5,0,9,2,1,5,0,4,0,19,5,3,65,0,2,6,0,9,1,0,0,0,3,0,1,0,0,0,0,0,0,1,1,0,5,5,33,223
24255,"Rockingham County, NH, USA","New Hampshire, USA","United States","43.001226185064, -70.743627548218","Land (beach, shoreline and inland)",2017-09-15,"Rye Harbor State Park/Ragged Neck- Nute High School (Mike Topher)",22,0,22,18,0.5,1,66,16,4,1,8,2,8,17,1,11,10,10,7,11,5,13,3,5,44,7,3,74,0,0,1,2,6,5,0,0,1,3,0,0,0,0,0,0,0,0,3,0,0,12,8,30,397
24256,"Rockingham County, NH, USA","New Hampshire, USA","United States","42.908144355374, -70.81027507782","Land (beach, shoreline and inland)",2017-09-15,"Hampton Beach (Section C)- Nottingham Elementary (Rebeca Murillo)",20,130,150,55,1,3,10979,110,3,10,275,63,26,98,40,24,11,17,3,22,15,10,9,6,1,5,3,8,0,3,37,0,20,52,0,0,26,53,7,1,82,0,3,0,1,3,1,4,0,175,61,306,12573
24257,"Rockingham County, NH, USA","New Hampshire, USA","United States","43.008789665802, -70.74294090271","Land (beach, shoreline and inland)",2017-09-10,"Foss Beach (N+S)- Phillip Exeter Academy (Rebeca Murillo)",320,0,320,275,1,9,120,15,0,0,3,3,0,33,1,62,30,125,21,88,0,0,46,44,135,31,9,157,0,3,0,0,65,0,0,0,11,0,0,0,4,0,1,0,5,0,1,4,0,26,9,206,1258
24258,"Rockingham County, NH, USA","New Hampshire, USA","United States","42.940857607909, -70.793108940125","Land (beach, shoreline and inland)",2017-09-15,"North Beach- Sant Bani (Brandy Hardiman)",28,17,45,179,0.5,5,579,119,6,2,15,6,9,15,5,35,4,8,8,17,13,25,3,10,22,22,2,133,0,0,25,3,5,2,0,0,2,0,3,5,1,0,0,0,0,0,2,0,0,38,16,403,1563
24259,"Rockingham County, NH, USA","New Hampshire, USA","United States","43.041539612253, -70.71516931057","Land (beach, shoreline and inland)",2017-09-22,"Drowned Forest- Bishop Brady H.S. (Rebeca Murillo)",16,0,16,25,0.5,2,54,30,2,0,7,2,4,6,5,3,3,29,2,8,2,8,1,1,19,36,6,33,0,0,46,0,70,0,0,0,7,2,0,9,5,0,0,0,2,0,0,0,0,13,3,153,571
24260,"Rockingham County, NH, USA","New Hampshire, USA","United States","43.021607795581, -70.732040405273","Land (beach, shoreline and inland)",2017-09-15,"Pirate's Cove- The Children's House (Terrie Colbert)",8,10,18,5,0.5,1,40,5,0,0,6,0,0,7,0,0,1,1,0,4,0,0,2,1,0,0,0,2,0,0,0,0,0,0,0,0,0,4,0,0,0,0,0,0,0,0,0,0,0,23,1,16,113
24261,"Rockingham County, NH, USA","New Hampshire, USA","United States","43.041363183491, -70.715485811234","Land (beach, shoreline and inland)",2017-09-15,"Drowned Forest- PrimeAsia (Linda Bouchard)",11,0,11,16,0.25,1,180,5,22,0,4,1,9,3,11,5,2,16,5,1,1,2,6,0,14,2,4,21,0,0,25,0,44,6,0,0,1,0,0,3,1,0,0,0,2,2,0,2,0,1,1,55,457
24262,"Rockingham County, NH, USA","New Hampshire, USA","United States","43.045103364606, -70.715239048004","Land (beach, shoreline and inland)",2017-09-16,"Odiorne Point State Park- Blue Ocean Society (Rebeca & Jen)",31,12,43,86,0.5,4,28,20,3,0,6,17,6,9,5,11,1,41,0,21,2,2,12,5,47,22,16,221,0,0,90,2,116,0,0,0,2,1,1,37,1,0,0,0,0,0,0,0,0,65,29,241,1080
24263,"Rockingham County, NH, USA","New Hampshire, USA","United States","43.041386707355, -70.715389251709","Land (beach, shoreline and inland)",2017-09-22,"Drowned Forest- Lonza (Rebeca Murillo)",12,0,12,60,0.5,3,116,19,0,1,3,7,3,2,4,5,1,10,2,9,1,3,4,2,93,9,8,53,0,0,13,3,18,1,0,0,4,1,1,9,3,0,0,0,2,0,0,0,0,35,36,156,637
24766,"Strafford County, NH, USA","New Hampshire, USA","United States","43.121534964081, -70.82799911499","Land (beach, shoreline and inland)",2017-09-23,"Hilton Park- Dover Interact Club (Candace Hall)",24,0,24,144,0.5,12,1032,169,15,4,40,16,16,22,5,66,43,33,4,58,28,16,28,15,1,1,2,4,0,0,58,0,8,2,0,5,3,10,7,25,0,0,0,0,6,1,2,0,0,51,180,165,2141
24768,"Rockingham County, NH, USA","New Hampshire, USA","United States","42.971025752378, -70.769205093384","Land (beach, shoreline and inland)",2017-09-16,"Bass Beach- Blue Ocean Society (Robyn Sealock)",10,0,10,23,0.25,2,1,2,1,0,0,1,0,0,1,3,2,14,2,0,0,3,1,0,3,2,10,6,0,0,0,1,0,0,0,0,0,0,0,0,0,0,0,0,0,0,0,0,0,0,2,48,103
24769,"Rockingham County, NH, USA","New Hampshire, USA","United States","43.065000116535, -70.712642669678","Land (beach, shoreline and inland)",2017-09-23,"Great Island Commons- Blue Ocean Society (Andy & Deb Schulte)",1,0,1,4,0.5,1,7,7,0,0,2,0,0,1,0,1,0,1,0,0,0,0,2,0,0,0,1,2,0,0,0,0,0,0,0,0,0,0,0,2,2,0,0,0,0,0,0,0,0,9,0,8,45
24770,"Rockingham County, NH, USA","New Hampshire, USA","United States","42.898477895374, -70.812206268311","Land (beach, shoreline and inland)",2017-09-29,"Hampton State Beach (Sections E)- UNH Simga Chi (Rebeca Murillo)",10,0,10,20,0.5,1,149,28,3,0,30,3,2,3,4,2,0,9,3,6,0,0,1,2,1,5,1,1,0,0,5,0,3,1,0,0,2,4,0,0,1,0,7,0,0,0,0,0,0,15,4,8,303
24772,"Rockingham County, NH, USA","New Hampshire, USA","United States","42.940904732627, -70.793752670288","Land (beach, shoreline and inland)",2017-09-29,"North Beach (North)- Souhegan H.S. (Rebeca Murillo)",98,0,98,142,0.5,8,600,65,2,4,27,9,13,23,1,18,1,40,9,18,14,11,7,11,32,29,5,56,0,0,52,6,8,1,0,0,2,23,2,10,0,0,0,0,1,0,0,0,0,58,6,135,1299
24919,"Rockingham County, NH, USA","New Hampshire, USA","United States","42.909401669662, -70.810446739197","Land (beach, shoreline and inland)",2017-09-21,"Hampton (Section C)- The Well School (Lauren LaMonica)",3,15,18,20,0.5,1,608,64,1,2,64,9,2,5,4,5,2,2,1,1,4,15,5,0,0,0,0,1,0,3,13,2,4,2,0,0,0,17,0,0,66,0,0,0,0,0,0,0,0,57,82,168,1209
26395,"Rockingham County, NH, USA","New Hampshire, USA","United States","43.089262590869, -70.842761993408","Land (beach, shoreline and inland)",2017-09-30,"Great Bay National Wildlife Refuge- PREP (Abby Lyon)",56,0,56,378,1,12,9,50,11,0,160,11,22,35,6,97,64,11,27,34,4,4,15,10,8,20,21,102,0,1,89,8,30,7,0,0,21,4,34,27,0,2,0,0,2,0,3,0,0,806,225,915,2895
26396,"Rockingham County, NH, USA","New Hampshire, USA","United States","43.025827622458, -70.729948282242","Land (beach, shoreline and inland)",2017-10-13,"Pirate's Cove Beach- The Learning Skills Academy (Ken Olsen)",2,10,12,5,0.75,5,24,14,3,2,1,5,0,3,2,4,3,0,2,1,1,2,0,0,1,0,0,0,0,0,5,0,0,0,0,0,3,0,0,0,0,0,0,0,0,0,0,0,0,14,6,30,126
26398,"Rockingham County, NH, USA","New Hampshire, USA","United States","42.989879217939, -70.758969783783","Land (beach, shoreline and inland)",2017-10-13,"Cable Beach- The Learning Skills Academy (Ken Olsen)",3,10,13,55,0.5,8,17,0,0,0,12,4,2,4,3,8,1,7,4,0,2,0,0,0,1,17,0,35,0,0,0,4,5,1,0,0,0,0,0,6,0,0,0,0,0,0,0,0,0,6,11,23,173
26399,"Rockingham County, NH, USA","New Hampshire, USA","United States","43.027725665618, -70.72815656662","Land (beach, shoreline and inland)",2017-10-13,"Wallis Sands- The Learning Skills Academy (Ken Olsen)",2,10,12,3,0.25,4,15,0,2,0,2,0,2,0,0,6,0,0,0,4,0,3,4,5,0,28,0,0,0,2,3,0,0,0,0,0,0,0,0,4,0,0,0,0,0,1,0,0,0,0,38,106,225
27799,"Rockingham County, NH, USA","New Hampshire, USA","United States","42.93106, -70.81931","Land (beach, shoreline and inland)",2017-11-16,"Winnacunnet Highschool",2,0,2,0.88,0.0081,0,3,0,0,0,1,0,1,0,1,1,0,1,0,0,0,0,1,0,0,0,0,0,0,0,0,0,0,0,1,0,0,0,0,0,0,0,1,1,0,0,0,0,1,0,0,0,13
28836,"Rockingham County, NH, USA","New Hampshire, USA","United States","42.909558832145, -70.809717178345","Land (beach, shoreline and inland)",2017-11-06,"Hampton Beach- Blue Ocean Society (Cathy Silver)",1,0,1,7,0.5,1,0,5,0,12,3,0,7,0,0,11,2,4,3,0,0,1,0,0,0,0,0,4,0,0,17,0,0,0,0,0,0,0,0,0,5,0,0,0,0,0,0,1,0,0,0,0,75
28837,"Rockingham County, NH, USA","New Hampshire, USA","United States","42.988246840066, -70.760600566864","Land (beach, shoreline and inland)",2017-11-03,"Cable Beach- The Learning Skills Academy (Ken Olsen)",2,10,12,8,0.5,1,5,4,1,0,0,0,3,0,0,4,2,24,2,2,1,0,0,0,16,4,0,8,0,0,0,0,0,0,0,0,0,2,0,1,0,0,0,0,0,0,0,0,0,6,2,38,125
28838,"Rockingham County, NH, USA","New Hampshire, USA","United States","42.985515649376, -70.761630535126","Land (beach, shoreline and inland)",2017-11-03,"Jenness Beach- The Learning Skills Academy (Ken Olsen)",2,20,22,15,0.75,2,40,18,0,0,55,11,3,6,0,1,0,3,2,4,4,0,3,6,1,3,1,3,0,0,0,0,0,0,0,0,5,3,1,0,0,0,0,0,0,0,0,0,0,0,0,89,262
33467,"Coos County, NH, USA","New Hampshire, USA","United States","44.26665873529, -71.537303924561","Land (beach, shoreline and inland)",2017-09-29,"CTRiver - Bethlehem",8,26,34,190,1,10,13,5,0,0,0,0,0,0,0,37,75,37,8,7,0,0,0,13,6,0,20,0,0,0,0,37,0,0,0,1,2,0,0,4,0,0,0,0,0,1,0,0,0,560,0,0,826
33468,"Sullivan County, NH, USA","New Hampshire, USA","United States","43.293366911301, -72.401962280273","Land (beach, shoreline and inland)",2017-09-29,"CTRiver - Black River Action Team",41,26,67,800,10,40,10,10,10,10,0,0,0,0,10,25,12,60,8,7,0,0,0,10,0,0,0,0,0,0,0,15,0,0,0,1,0,0,0,0,0,25,0,0,0,0,0,0,0,2000,0,0,2213
33483,"Cheshire County, NH, USA","New Hampshire, USA","United States","42.850883209343, -72.553367614746","Land (beach, shoreline and inland)",2017-09-29,"CTRiver - Brattleboro",2,11,13,160,0.5,5,13,0,0,0,0,0,0,0,0,150,0,37,0,0,0,0,0,37,0,0,0,0,0,0,0,0,0,0,0,0,0,0,0,0,0,1,0,0,0,0,0,0,0,0,0,0,238
33486,"Cheshire County, NH, USA","New Hampshire, USA","United States","42.933594735451, -72.288665771484","Land (beach, shoreline and inland)",2017-09-29,"CTRiver - Ashuelot",79,0,79,3160,0.5,0,0,0,0,0,0,0,0,0,0,30,30,30,0,0,0,0,0,0,0,0,0,0,0,0,0,0,0,0,0,0,0,0,0,300,0,7,0,0,0,0,0,0,0,0,0,0,397
33504,"Sullivan County, NH, USA","New Hampshire, USA","United States","43.373975240505, -72.336022853851","Land (beach, shoreline and inland)",2017-09-29,"CTRiver - Claremont",27,0,27,300,5,28,0,0,0,0,0,0,0,0,0,75,75,150,0,0,0,0,0,0,0,0,50,0,0,0,0,75,0,0,0,0,0,0,0,0,0,15,1,0,0,0,5,0,0,0,0,0,446
33505,"Sullivan County, NH, USA","New Hampshire, USA","United States","43.478625826069, -72.378787994385","Land (beach, shoreline and inland)",2017-09-29,"CTRiver - Cornish",15,0,15,750,4,4,0,0,0,0,0,0,0,0,0,0,46,30,0,0,0,0,0,10,0,0,0,0,0,0,0,0,0,0,0,0,0,0,0,0,0,46,0,0,0,0,0,0,0,0,0,0,132
33517,"Grafton County, NH, USA","New Hampshire, USA","United States","43.702667881181, -72.29905128479","Land (beach, shoreline and inland)",2017-09-29,"CTRiver - Hanover",36,0,36,200,2.5,15,0,5,0,0,0,0,0,0,0,50,37,75,10,10,0,0,0,37,0,0,0,0,0,0,0,13,0,0,0,0,5,0,0,1,0,2,5,0,0,0,0,0,0,560,0,0,810
33521,"Grafton County, NH, USA","New Hampshire, USA","United States","43.642088436685, -72.25480556488","Land (beach, shoreline and inland)",2017-09-29,"CTRiver - Lebanon",7,1,8,55,1.5,16,0,0,5,5,0,0,0,0,0,26,13,13,2,2,0,0,0,13,0,0,0,0,0,0,0,13,0,0,0,0,0,0,0,0,0,0,0,0,0,0,0,0,0,4200,0,0,4292
33523,"Grafton County, NH, USA","New Hampshire, USA","United States","43.807316791498, -72.160091400146","Land (beach, shoreline and inland)",2017-09-29,"CTRiver - Lyme",3,2,5,25,2,2,0,0,0,0,0,0,0,0,0,7,4,3,2,1,0,0,0,1,0,0,0,0,0,0,0,2,0,0,0,0,0,0,0,0,0,0,0,0,0,0,0,0,0,560,0,0,580
33537,"Coos County, NH, USA","New Hampshire, USA","United States","45.050683566632, -71.391177177429","Land (beach, shoreline and inland)",2017-09-29,"CTRiver - Pittsburg",10,0,10,50,0.25,0,0,0,0,0,0,0,0,0,0,1,0,0,0,0,0,0,0,0,0,0,0,0,0,0,0,0,0,0,0,0,0,0,0,0,0,0,0,0,0,0,0,0,0,0,0,0,1
33545,"Coos County, NH, USA","New Hampshire, USA","United States","44.71857028263, -71.612148284912","Land (beach, shoreline and inland)",2017-09-29,"CTRiver - Stratford",4,1,5,500,10,0,0,5,3,3,0,0,0,0,0,4,8,67,2,2,0,0,0,3,0,0,0,0,0,0,0,6,0,0,0,0,0,0,0,0,0,9,2,0,0,2,0,0,0,0,0,0,116
33547,"Sullivan County, NH, USA","New Hampshire, USA","United States","43.401905553048, -72.400588989258","Land (beach, shoreline and inland)",2017-09-29,"CTRiver - Weathersfiled",12,0,12,500,0.25,0,1,0,0,0,0,0,0,0,0,0,0,0,0,0,0,0,0,0,0,0,0,0,0,0,0,0,0,0,0,0,0,0,0,0,0,0,0,0,0,0,0,0,0,0,0,0,1
35447,"Rockingham County, NH, USA","New Hampshire, USA","United States","42.979055131217, -70.764472484625","Land (beach, shoreline and inland)",2018-03-03,"Rye Beach",2,0,2,10.8,0.16,2,0,2,0,0,16,1,2,1,0,2,0,2,0,2,0,0,0,0,7,1,1,2,0,0,21,1,1,0,0,0,0,0,0,3,2,0,0,0,0,0,0,0,0,18,1,0,86
35450,"Rockingham County, NH, USA","New Hampshire, USA","United States","42.910217982499, -70.809855461248","Land (beach, shoreline and inland)",2018-02-17,"Hampton Beach",2,0,2,10,0.25,2,10,16,0,0,14,0,4,2,0,16,0,7,7,0,0,1,0,0,2,2,2,4,0,0,0,0,2,2,0,0,0,0,0,1,0,0,0,0,0,0,0,0,0,38,1,18,149
35452,"Rockingham County, NH, USA","New Hampshire, USA","United States","42.911550395443, -70.80898284963","Land (beach, shoreline and inland)",2018-02-16,"Hampton Beach",2,0,2,11,0.5,2,14,12,0,0,23,1,2,1,0,9,0,4,3,7,0,2,0,0,2,4,0,3,0,0,0,0,0,1,0,0,1,0,0,3,0,0,0,0,0,0,0,0,0,0,0,72,164
35651,"Rockingham County, NH, USA","New Hampshire, USA","United States","42.91351, -70.80967","Land (beach, shoreline and inland)",2018-03-24,,1,0,1,3.81,0,0,0,1,0,0,3,0,2,1,2,0,2,5,0,0,0,0,0,0,0,0,0,0,3,0,0,0,0,0,0,0,0,0,0,0,0,0,0,0,0,0,0,0,0,0,0,95,114
37423,"Rockingham County, NH, USA","New Hampshire, USA","United States","42.904262235675, -70.808773040771","Land (beach, shoreline and inland)",2018-03-24,,2,0,2,9.4,0.25,2,1,4,0,0,0,0,3,1,1,1,1,0,9,3,0,1,0,1,1,1,0,1,0,0,1,0,1,1,0,0,0,0,0,0,0,0,0,0,0,0,0,0,0,2,6,10,50
37425,"Rockingham County, NH, USA","New Hampshire, USA","United States","42.907405671269, -70.808429718018","Land (beach, shoreline and inland)",2018-03-03,,2,0,2,18,0.5,3,0,1,0,0,0,0,0,0,1,5,0,9,2,12,0,0,0,0,1,1,0,6,0,0,0,0,1,0,0,0,0,0,0,0,0,0,0,0,0,0,0,0,0,0,0,0,39
39360,"Rockingham County, NH, USA","New Hampshire, USA","United States","43.06933, -70.94587","Land (beach, shoreline and inland)",2018-06-30,,2,0,2,2.64,0.0095,0,0,4,0,0,3,0,1,3,1,4,1,6,1,0,0,0,4,0,0,0,0,0,0,0,0,0,0,0,1,0,0,0,0,0,0,0,2,3,0,0,0,0,1,0,0,2,37
40096,"Rockingham County, NH, USA","New Hampshire, USA","United States","42.89492, -71.32507","Land (beach, shoreline and inland)",2018-07-20,,1,0,1,0.12,0.2022,0,0,0,0,0,0,0,0,0,0,0,0,0,0,0,0,0,0,0,0,0,0,0,0,0,0,0,0,0,0,0,0,0,0,0,0,0,0,1,0,0,0,0,0,0,0,0,1
40327,"Rockingham County, NH, USA","New Hampshire, USA","United States","42.95325, -70.78512","Land (beach, shoreline and inland)",2018-07-25,"Cam and Nani",2,0,2,11.95,3.3197,0,23,26,3,0,8,0,2,3,2,1,0,1,4,0,0,0,1,0,0,0,0,0,3,0,0,0,0,0,20,0,3,0,0,0,0,0,2,48,0,0,0,0,7,0,0,28,185
40986,"Grafton County, NH, USA","New Hampshire, USA","United States","44.03794, -71.67809","Land (beach, shoreline and inland)",2018-08-13,,2,0,2,0.41,0,0,0,1,0,0,0,0,0,0,0,6,0,0,0,0,0,0,0,0,0,0,0,0,0,0,0,0,0,0,1,0,0,0,0,0,0,0,0,0,0,0,0,0,0,0,0,0,8
49738,"Rockingham County, NH, USA","New Hampshire, USA",,"43.04281, -70.71345","Land (beach, shoreline and inland)",2018-09-22,,1,0,1,0.06,0.0498,0,0,0,1,0,0,0,0,0,0,0,0,0,0,0,0,0,0,0,0,0,0,0,0,0,0,0,0,0,0,0,0,0,0,0,0,0,0,0,0,0,0,0,0,0,0,0,1
54394,"Rockingham County, NH, USA","New Hampshire, USA",,"43.003509063174, -70.745066187134","Land (beach, shoreline and inland)",2018-09-14,"Nute HS & MS - Blue Ocean Society",76,0,76,280,0.75,10,30,26,4,3,33,11,7,6,2,50,11,124,4,13,1,1,20,9,169,52,2,242,0,0,92,3,103,0,0,0,15,3,2,21,1,4,0,0,1,0,0,3,0,65,11,303,1447
54395,"Rockingham County, NH, USA","New Hampshire, USA",,"43.001734567092, -70.746167196077","Land (beach, shoreline and inland)",2018-09-15,"Blue Ocean Society",8,2,10,35,0.25,2,3,21,3,1,12,6,3,4,4,1,0,18,0,2,0,2,5,0,6,17,6,78,0,0,17,1,34,3,0,0,5,1,0,7,0,0,0,0,0,0,0,0,0,18,4,98,380
54397,"Rockingham County, NH, USA","New Hampshire, USA","United States","42.985671734031, -70.762251063223","Land (beach, shoreline and inland)",2018-09-15,"Blue Ocean Society",3,0,3,2,0.75,1,8,0,0,0,4,0,0,0,0,0,0,2,0,0,0,0,0,0,0,0,0,5,0,0,12,0,0,0,0,0,0,3,1,0,0,0,0,0,0,0,0,0,0,3,0,0,38
54398,"Rockingham County, NH, USA","New Hampshire, USA","United States","42.985671734031, -70.762251063223","Land (beach, shoreline and inland)",2018-09-15,"Blue Ocean Society",4,2,6,15,0.5,2,15,5,0,0,0,29,1,1,2,2,0,1,0,0,0,0,0,0,1,0,3,11,0,0,15,0,0,0,0,0,3,0,0,0,4,0,0,0,0,0,0,0,0,39,1,53,186
54400,"Rockingham County, NH, USA","New Hampshire, USA","United States","42.985671734031, -70.762251063223","Land (beach, shoreline and inland)",2018-09-15,"Blue Ocean Society",4,0,4,9,0.5,2,23,2,0,0,4,2,1,1,0,2,1,1,0,0,0,0,2,1,2,1,1,2,0,1,1,0,3,0,0,0,1,3,0,2,0,0,0,0,0,0,0,1,0,18,1,25,102
54488,"Rockingham County, NH, USA","New Hampshire, USA","United States","42.9278, -70.83001","Land (beach, shoreline and inland)",2018-11-01,,1,0,1,0.5,0.0238,0,2,0,0,0,0,0,0,0,0,0,0,0,1,0,0,0,0,0,0,0,0,0,0,0,0,0,0,0,0,0,0,0,0,0,0,0,0,0,0,0,0,0,0,0,0,4,7
55012,"Rockingham County, NH, USA","New Hampshire, USA","United States","42.889230909424, -70.812989578087","Land (beach, shoreline and inland)",2018-09-16,"Seabrook North Adopt-a-Beach - Blue Ocean Society",6,0,6,15,1,1,235,22,0,0,45,0,1,6,1,1,0,1,1,4,0,0,0,0,0,0,0,4,0,0,12,0,0,0,0,0,4,1,0,0,5,0,0,0,0,0,0,1,0,0,6,57,407
55017,"Rockingham County, NH, USA","New Hampshire, USA",,"43.02166206183, -70.732397997647","Land (beach, shoreline and inland)",2018-09-15,"Pirate's Cove Seacost Paddleboard Club - Blue Ocean Society",15,0,15,9.73,0.5,0,69,28,0,0,15,0,0,6,2,5,0,1,0,2,0,1,1,1,17,8,0,30,0,1,22,0,30,2,0,0,2,2,0,10,3,1,0,0,0,0,0,0,0,129,7,431,826
55021,"Rockingham County, NH, USA","New Hampshire, USA",,"43.02166206183, -70.732397997647","Land (beach, shoreline and inland)",2018-09-15,"Seacoast Science Center - Blue Ocean Society",14,13,27,45,0.25,3,39,19,1,2,7,2,7,15,0,13,0,5,2,26,3,3,4,2,41,30,0,13,0,0,16,2,4,5,0,0,0,0,1,20,0,7,0,0,0,0,0,1,0,53,13,61,417
55023,"Rockingham County, NH, USA","New Hampshire, USA",,"43.027630908797, -70.728131496956","Land (beach, shoreline and inland)",2018-09-14,"Little Harbor Elementary - Blue Ocean Society",9,60,69,23,0.5,3,151,37,9,14,26,8,7,22,0,7,0,6,12,12,5,0,6,3,10,9,7,17,0,0,15,2,8,1,0,0,2,0,0,22,0,0,0,0,0,0,0,0,0,238,16,184,856
55024,"Rockingham County, NH, USA","New Hampshire, USA",,"43.02656424549, -70.72949048373","Land (beach, shoreline and inland)",2018-09-24,"Community Partners - Blue Ocean Society",7,0,7,8,0.5,1,9,5,2,0,0,1,0,0,0,0,0,0,1,0,0,0,0,1,0,1,0,18,0,0,1,0,0,0,0,0,0,0,0,0,0,0,0,0,0,0,0,0,0,4,0,23,66
55025,"Rockingham County, NH, USA","New Hampshire, USA","United States","42.909651686521, -70.810146185065","Land (beach, shoreline and inland)",2018-09-27,"Illumina Group - Blue Ocean Society",24,0,24,19,1,2,1427,86,5,2,124,17,4,21,5,9,16,8,5,7,9,10,2,3,1,20,1,40,0,0,89,1,14,4,0,0,7,11,1,2,32,0,0,0,0,0,0,1,0,63,61,357,2465
55026,"Rockingham County, NH, USA","New Hampshire, USA","United States","42.909130430209, -70.810282083873","Land (beach, shoreline and inland)",2018-09-19,"The Weather Co. - Blue Ocean Society",15,0,15,29,0.5,3,796,112,22,0,110,11,4,13,11,17,3,0,1,2,5,0,6,20,19,3,2,21,0,0,36,0,2,0,0,0,3,6,5,1,19,0,0,0,0,0,0,0,0,120,43,189,1602
55027,"Rockingham County, NH, USA","New Hampshire, USA","United States","42.941396403125, -70.793066816542","Land (beach, shoreline and inland)",2018-09-14,"Sant Bani School - Blue Ocean Society",10,40,50,65,0.5,5,46,42,12,2,14,1,11,2,4,23,2,31,7,9,0,7,22,0,21,14,3,70,0,0,41,3,13,0,0,0,9,0,9,5,1,4,0,0,0,1,0,0,0,89,15,666,1199
55028,"Rockingham County, NH, USA","New Hampshire, USA","United States","42.909574379629, -70.810206355753","Land (beach, shoreline and inland)",2018-10-01,"Souhegan High School - Blue Ocean Society",90,0,90,22,0.5,3,2203,191,7,7,116,42,0,39,0,7,11,13,12,16,0,0,0,15,2,0,12,23,0,0,192,6,20,0,0,0,11,0,0,0,0,0,0,0,0,0,0,0,0,136,12,189,3282
55029,"Rockingham County, NH, USA","New Hampshire, USA",,"43.02765966666, -70.728127920896","Land (beach, shoreline and inland)",2018-09-30,"Weston Solutions - Blue Ocean Society",9,0,9,20,0.25,1,79,26,3,2,9,1,0,6,0,6,0,0,3,4,0,0,0,0,2,0,6,3,0,0,15,0,1,0,0,0,0,0,0,0,0,0,0,0,0,0,0,0,0,131,11,128,436
55030,"Rockingham County, NH, USA","New Hampshire, USA",,"43.044923010553, -70.713194426027","Land (beach, shoreline and inland)",2018-10-02,"Bishop Brady High School - Blue Ocean Society",9,0,9,8,0.5,2,8,9,1,5,9,1,0,3,0,12,2,1,3,2,0,0,0,3,10,0,2,26,0,0,3,2,3,0,0,0,1,0,0,0,0,0,0,0,0,0,0,0,0,27,15,26,174
55031,"Rockingham County, NH, USA","New Hampshire, USA","United States","42.909109109946, -70.810254989856","Land (beach, shoreline and inland)",2018-10-05,"Londonderry High School - Blue Ocean Society",36,0,36,20,0.5,3,694,137,2,0,52,7,0,20,0,4,1,0,1,8,0,0,0,22,0,0,21,62,0,0,22,45,0,0,0,0,2,0,0,0,0,0,0,0,0,0,0,0,0,112,14,141,1367
55032,"Rockingham County, NH, USA","New Hampshire, USA",,"43.027599536612, -70.728249514153","Land (beach, shoreline and inland)",2018-10-10,"Financial Force - Blue Ocean Society",5,0,5,17,0.5,1,34,8,3,0,17,0,0,0,0,1,0,0,4,2,0,0,0,2,5,0,4,1,0,0,33,0,0,0,0,0,0,0,0,0,0,0,0,0,0,0,0,0,0,27,0,41,182
55034,"Rockingham County, NH, USA","New Hampshire, USA","United States","42.909097341035, -70.81040421987","Land (beach, shoreline and inland)",2018-10-04,"Heronfield Academy - Blue Ocean Society",82,0,82,33,0.75,2,2626,239,18,0,126,28,0,29,0,15,2,10,22,49,0,0,0,38,5,0,6,17,0,0,162,1,38,0,0,0,9,0,0,0,0,0,0,0,0,0,0,0,0,336,32,1029,4837
57786,"Grafton County, NH, USA","New Hampshire, USA","United States","43.61317, -72.3324","Land (beach, shoreline and inland)",2018-10-12,CTRiver-Lebanon,14,0,14,1800,2,0,0,0,0,0,0,0,0,0,0,0,0,0,0,0,0,0,0,0,0,0,0,0,0,0,0,0,0,0,0,2,0,0,0,0,0,0,0,0,0,0,0,0,0,0,0,0,2
57792,"Grafton County, NH, USA","New Hampshire, USA","United States","43.81035, -72.1602","Land (beach, shoreline and inland)",2018-10-12,CTRiver-Lyme,2,2,4,30,1.5,0,0,3,0,0,0,0,0,0,0,3,1,2,1,0,0,0,0,1,0,0,0,0,0,0,0,0,0,0,0,0,0,0,0,0,0,0,0,0,0,0,0,0,0,560,0,0,571
57797,"Coos County, NH, USA","New Hampshire, USA","United States","44.75188, -71.6283","Land (beach, shoreline and inland)",2018-10-10,CTRiver-Stratford,4,1,5,735,10,0,0,9,0,0,0,0,0,0,0,19,75,120,17,6,0,0,0,45,0,0,0,0,0,0,0,31,0,0,0,2,0,0,0,0,0,12,5,0,0,11,0,0,0,0,0,0,352
57829,"Sullivan County, NH, USA","New Hampshire, USA","United States","43.35797, -72.3878","Land (beach, shoreline and inland)",2018-10-03,CTRiver-Claremont,6,0,6,195,0.25,0,0,0,0,0,0,0,0,0,0,0,0,0,0,0,0,0,0,0,0,0,0,0,0,0,0,0,0,0,0,0,0,0,0,0,0,2,0,0,0,0,0,0,0,0,0,0,2
57830,"Sullivan County, NH, USA","New Hampshire, USA","United States","43.35797, -72.3879","Land (beach, shoreline and inland)",2018-10-03,CTRiver-Claremont,6,0,6,195,0.25,0,0,0,0,0,0,0,0,0,0,0,0,0,0,0,0,0,0,0,0,0,0,0,0,0,0,0,0,0,0,0,0,0,0,0,0,2,0,0,0,0,0,0,0,0,0,0,2
57831,"Sullivan County, NH, USA","New Hampshire, USA","United States","43.35797, -72.388","Land (beach, shoreline and inland)",2018-10-03,CTRiver-Claremont,15,2,17,450,2,0,0,0,0,0,0,0,0,0,0,0,0,0,0,0,0,0,0,0,0,0,0,0,0,0,0,0,0,0,0,0,0,0,0,0,0,10,0,0,0,0,0,0,0,0,0,0,10
57838,"Cheshire County, NH, USA","New Hampshire, USA","United States","42.89463, -72.282161","Land (beach, shoreline and inland)",2018-10-02,CTRiver-Keene-&-Swanzey,37,50,87,1442,6,0,0,0,0,0,0,0,0,0,0,0,0,0,25,0,0,0,0,0,0,0,0,0,0,0,0,0,0,0,0,0,0,0,0,0,0,15,0,0,0,0,0,0,0,0,0,0,40
57847,"Grafton County, NH, USA","New Hampshire, USA","United States","43.655234, -72.312033","Land (beach, shoreline and inland)",2018-08-13,CTRiver-Lebanon,24,0,24,5540,0.25,0,0,0,0,0,0,0,0,0,0,13,13,13,0,0,0,0,0,0,0,0,5,0,0,0,0,0,0,0,0,0,0,0,0,1,0,80,0,0,0,0,0,0,0,0,0,0,125
57851,"Cheshire County, NH, USA","New Hampshire, USA","United States","42.83350544, -72.53503589","Land (beach, shoreline and inland)",2018-10-24,CTRiver-Island-on-Rte-119-between-Brattleboro/-Hinsdale,25,0,25,400,0.25,0,0,10,0,0,0,0,0,0,0,37,37,13,25,0,0,0,0,13,0,0,0,0,0,0,0,37,0,0,0,0,0,0,0,0,0,2,2,0,0,0,2,0,0,4200,0,0,4378
57857,"Cheshire County, NH, USA","New Hampshire, USA","United States","42.83350544, -72.53503589","Land (beach, shoreline and inland)",2018-10-29,CTRiver-Brattleboro,6,3,9,60,0.25,0,0,0,0,0,0,0,0,0,0,2,0,37,0,0,0,0,0,2,0,0,0,0,0,0,0,3,0,0,0,0,0,0,0,0,0,1,0,0,0,0,0,0,0,560,0,0,605
57859,"Grafton County, NH, USA","New Hampshire, USA","United States","44.29127, -71.6466","Land (beach, shoreline and inland)",2018-10-25,CTRiver-Bethlehem,6,15,21,85,2,0,0,0,0,0,0,0,0,0,0,0,61,87,30,0,0,0,0,6,0,0,0,0,0,0,0,0,0,0,0,0,0,0,0,0,0,0,0,0,0,1,0,0,0,0,0,0,185
58321,"Rockingham County, NH, USA","New Hampshire, USA","United States","42.90964031604, -70.810188292753","Land (beach, shoreline and inland)",2018-09-14,"Nottingham Elementary - Blue Ocean Society",1,69,70,84,0.25,7,87,22,1,0,37,1,5,24,1,10,1,6,2,15,5,1,5,3,36,52,11,127,0,0,41,5,24,2,0,0,13,2,0,27,10,1,0,0,1,1,1,1,0,61,2,196,840
59035,"Strafford County, NH, USA","New Hampshire, USA",,"43.121878966957, -70.828293895052","Land (beach, shoreline and inland)",2018-09-22,"Candace Hall, Dover HS - Hilton Park",9,0,9,29,1,4,719,61,4,0,17,6,2,2,1,4,2,5,2,6,5,1,1,0,0,0,0,1,0,0,33,2,5,10,0,0,7,0,0,1,0,0,0,0,3,0,0,0,0,7,134,87,1128
59036,"Rockingham County, NH, USA","New Hampshire, USA",,"43.041575298756, -70.71542506316","Land (beach, shoreline and inland)",2018-09-05,"Girl Scouts of the Green and White Mountains - Rye Turnoffs",26,36,62,772,3,30,1002,186,29,8,31,55,28,26,8,50,42,139,8,9,14,30,5,8,555,365,45,96,0,1,48,8,126,12,0,26,10,28,3,97,4,12,0,0,2,6,0,1,0,55,218,164,3560
67224,"Rockingham County, NH, USA","New Hampshire, USA","United States","42.90455, -70.81165","Land (beach, shoreline and inland)",2019-03-13,"Host kids",1,0,1,8.94,0.4715,0,1,3,2,0,16,0,4,3,4,0,3,3,8,0,0,0,4,0,0,0,0,0,5,0,0,0,0,0,1,0,0,0,0,0,0,0,4,15,0,0,0,0,4,0,0,2,82
67225,"Rockingham County, NH, USA","New Hampshire, USA","United States","42.90451, -70.81168","Land (beach, shoreline and inland)",2019-03-13,,1,0,1,7.6,1.7873,0,2,1,1,0,4,0,4,8,1,0,3,3,7,0,0,0,2,0,0,0,0,0,2,0,0,0,0,0,1,0,0,0,0,0,0,0,5,15,0,0,0,0,2,0,0,13,74
72524,"Merrimack County, NH, USA","New Hampshire, USA","United States","43.4385, -71.8223","Land (beach, shoreline and inland)",2019-04-30,"Senior project ",2,0,2,2,0.0288,0,5,5,5,1,21,0,6,2,0,6,10,20,2,0,0,0,0,0,0,0,0,0,3,0,0,0,0,0,1,0,0,0,0,0,0,0,1,0,0,0,0,0,8,0,0,4,100
72814,"Rockingham County, NH, USA","New Hampshire, USA","United States","42.89162, -71.11354","Land (beach, shoreline and inland)",2019-05-05,,1,0,1,1.08,0.0238,0,0,0,0,1,0,0,1,0,0,0,1,0,0,0,0,0,0,0,0,0,0,0,0,0,0,0,0,0,0,0,0,0,0,0,0,0,1,0,0,0,0,0,0,0,0,0,4
73454,"Rockingham County, NH, USA","New Hampshire, USA","United States","42.89874, -70.81254","Land (beach, shoreline and inland)",2019-05-19,,1,0,1,0.09,0,0,0,0,0,1,2,0,0,2,0,0,0,0,0,0,0,0,1,0,0,0,0,0,0,0,0,0,0,0,0,0,0,0,0,0,0,0,0,0,0,0,0,0,0,0,0,0,6
75876,"Grafton County, NH, USA","New Hampshire, USA","United States","43.75847, -71.68756","Land (beach, shoreline and inland)",2019-07-11,,1,0,1,0.16,0.0175,0,0,0,0,0,0,0,0,0,0,0,0,0,0,0,0,0,0,0,0,0,0,0,0,0,0,0,0,0,1,0,0,0,0,0,0,0,0,0,0,0,0,0,2,0,0,0,3
76082,"Hillsborough County, NH, USA","New Hampshire, USA","United States","42.8728, -71.65288","Land (beach, shoreline and inland)",2019-07-17,,1,0,1,0.97,0,0,1,4,0,1,12,0,0,6,0,1,0,0,3,0,0,0,0,0,0,0,0,0,0,0,0,0,0,0,0,0,3,0,0,0,0,0,1,0,0,0,0,0,2,0,0,3,37
77603,"Rockingham County, NH, USA","New Hampshire, USA","United States","43.04154, -70.71531","Land (beach, shoreline and inland)",2019-08-25,,2,0,2,2.05,1.2884,0,4,2,0,0,1,0,0,1,0,0,0,1,0,0,0,0,0,0,0,0,0,0,2,0,0,0,0,0,0,0,0,0,0,0,0,0,0,7,0,0,0,0,0,0,0,1,19
82273,"Strafford County, NH, USA","New Hampshire, USA","United States","43.17763, -70.88629","Land (beach, shoreline and inland)",2019-09-24,,1,0,1,0.23,0,0,0,3,0,0,0,0,0,0,0,0,0,2,0,0,0,0,0,0,0,0,0,0,0,0,0,0,0,0,1,0,0,0,0,0,0,0,0,0,0,0,0,0,0,0,0,0,6
82555,"Rockingham County, NH, USA","New Hampshire, USA","United States","43.027673893349, -70.728080930232","Land (beach, shoreline and inland)",2019-09-19,"Wallis Sands Beach - Little Harbour School",28,18,46,10,0.25,0,137,56,6,2,23,3,4,23,4,7,1,3,1,5,6,9,2,10,1,3,4,41,0,0,56,0,13,2,0,0,2,2,0,7,0,0,0,0,0,0,0,0,0,84,11,160,688
82569,"Rockingham County, NH, USA","New Hampshire, USA","United States","42.883712747362, -70.815923790093","Land (beach, shoreline and inland)",2019-09-22,"Seabrook Beach-",20,0,20,15,1,1,214,4,0,0,31,7,1,9,1,3,2,9,0,3,3,0,0,0,4,0,0,5,0,0,0,0,5,0,0,0,0,1,1,0,0,2,3,0,0,1,0,0,0,6,4,25,344
82570,"Rockingham County, NH, USA","New Hampshire, USA","United States","43.042676659847, -70.713134625873","Land (beach, shoreline and inland)",2019-09-21,"Odiorne Point-Girl Scouts of the Green and White Mountain",38,44,82,404,1,6,405,42,26,11,9,23,5,6,4,15,13,57,3,5,29,15,6,1,353,53,8,121,0,0,14,1,23,15,0,0,12,97,0,60,0,30,0,0,2,1,0,0,0,49,94,170,1778
82578,"Rockingham County, NH, USA","New Hampshire, USA","United States","42.911012601793, -70.812487927801","Land (beach, shoreline and inland)",2019-09-20,"Hampton Beach South- Londonderry High School/Woodard+Curran",1,0,1,6,0.75,0,693,36,1,1,28,14,2,17,1,6,6,3,1,12,3,9,2,4,1,2,3,0,0,0,13,3,11,4,0,0,6,7,0,0,16,0,0,0,1,0,0,0,0,124,26,275,1331
93816,"Rockingham County, NH, USA","New Hampshire, USA","United States","42.909759281738, -70.814378344458","Land (beach, shoreline and inland)",2019-09-17,"Hampton Beach-TBR Inc.",40,0,40,48,0.5,0,574,66,3,2,33,14,4,23,6,11,5,13,7,8,2,37,4,10,3,2,7,38,0,1,45,3,3,3,0,0,2,3,1,12,39,1,0,0,0,1,0,0,0,18,126,222,1352
93818,"Rockingham County, NH, USA","New Hampshire, USA","United States","43.027649209192, -70.728290641139","Land (beach, shoreline and inland)",2019-09-19,"Wallis Sands- Little Harbour School",28,18,46,10,0.5,3,137,56,6,2,23,3,4,23,4,7,1,3,1,5,6,9,2,10,1,3,4,41,0,0,56,0,13,2,0,0,2,2,0,7,0,0,0,0,0,0,0,0,0,84,11,160,688
93819,"Rockingham County, NH, USA","New Hampshire, USA","United States","43.008748307751, -70.743066684128","Land (beach, shoreline and inland)",2019-09-20,"Foss Beach-Nute High School",1,0,1,29,0.5,4,9,10,1,3,0,0,4,1,4,12,0,22,8,8,5,3,7,0,15,10,4,144,0,0,12,0,11,0,0,0,1,0,1,0,0,2,0,0,1,0,0,2,0,3,4,101,408
93821,"Rockingham County, NH, USA","New Hampshire, USA","United States","42.909598158384, -70.811136094458","Land (beach, shoreline and inland)",2019-09-20,"Hampton Beach-Nottingham Middle School",1,0,1,10.5,0.5,12,2682,184,8,3,71,18,18,43,5,12,0,3,4,4,39,49,7,7,3,3,6,31,0,0,55,0,6,12,0,0,23,12,0,4,35,2,0,0,1,1,1,0,0,273,50,584,4259
93825,"Rockingham County, NH, USA","New Hampshire, USA","United States","42.985891488937, -70.762167020238","Land (beach, shoreline and inland)",2019-09-21,"Cable Beach-Public cleanup",1,0,1,32,0.5,0,69,4,2,3,33,0,9,14,0,6,0,2,0,6,3,0,6,0,7,5,9,47,0,0,12,0,16,0,0,0,6,1,1,7,3,0,0,0,0,0,0,1,0,104,1,177,554
93827,"Rockingham County, NH, USA","New Hampshire, USA","United States","43.046871092464, -70.716606929253","Land (beach, shoreline and inland)",2019-09-21,"Odiorne State Park- SSC Public Cleanup",28,8,36,21,0.25,0,7,11,0,0,3,0,1,3,2,4,5,16,0,0,0,1,1,0,22,5,2,38,0,0,17,0,12,0,0,0,0,7,0,21,0,2,0,0,0,0,0,0,0,4,12,10,206
93839,"Rockingham County, NH, USA","New Hampshire, USA","United States","42.883974609888, -70.815730868787","Land (beach, shoreline and inland)",2019-09-22,"Seabrook Beach-EarthLink",20,0,20,15,1,1,214,4,0,0,31,7,1,9,1,3,2,9,0,3,3,0,0,0,4,0,0,5,0,0,0,0,5,0,0,0,0,1,1,0,2,3,0,0,0,1,0,0,0,6,4,25,344
94345,"Rockingham County, NH, USA","New Hampshire, USA","United States","42.90909523735, -70.813024369604","Land (beach, shoreline and inland)",2019-09-23,"Hampton Beach-Heronfield Academy",13,70,83,30,1,2,2883,193,16,1,102,20,12,51,19,10,9,6,2,37,7,77,91,38,1,8,4,5,0,0,28,2,34,25,0,0,9,14,0,2,293,1,0,0,1,1,0,3,0,152,20,618,4795
94346,"Rockingham County, NH, USA","New Hampshire, USA","United States","42.91047826032, -70.812337724097","Land (beach, shoreline and inland)",2019-09-11,"Hampton Beach-Public Cleanup",5,41,46,7,1,1,1438,284,2,3,72,17,7,24,7,1,9,1,3,6,5,0,3,13,0,1,0,5,0,0,46,0,10,2,0,0,9,35,0,28,11,0,0,0,1,0,1,1,0,252,29,300,2626
97904,"Rockingham County, NH, USA","New Hampshire, USA","United States","42.886338102064, -70.816552533765","Land (beach, shoreline and inland)",2019-11-03,,6,0,6,70,0.5,2,50,10,0,0,8,1,3,17,1,27,2,12,0,24,0,3,2,0,7,11,7,23,0,0,11,1,7,0,0,0,1,1,0,11,7,0,0,0,0,4,0,0,0,36,18,99,404
99876,"Rockingham County, NH, USA","New Hampshire, USA","United States","43.094269952878, -70.852406023804","Land (beach, shoreline and inland)",2019-09-29,"Abigail Lyon",15,0,15,1200,0.25,0,3,57,3,2,57,1,8,9,3,106,12,20,7,58,0,1,15,3,40,7,7,26,0,0,37,6,4,0,0,0,2,13,10,4,1,5,0,0,1,0,1,4,0,216,0,887,1636
99950,"Carroll County, NH, USA","New Hampshire, USA","United States","44.12951, -71.18383","Land (beach, shoreline and inland)",2019-11-27,,2,0,2,6.45,0.0205,0,31,6,1,0,6,0,1,6,2,6,9,9,9,0,0,0,0,0,0,0,0,0,0,0,0,0,0,0,1,0,0,0,0,0,0,0,0,3,0,0,0,0,3,0,0,11,104
99951,"Carroll County, NH, USA","New Hampshire, USA","United States","44.1295, -71.18383","Land (beach, shoreline and inland)",2019-11-26,,1,0,1,19.65,0.0238,0,66,35,21,7,34,0,15,28,9,23,16,14,19,0,0,0,4,0,0,0,0,0,0,0,0,0,0,0,7,0,2,0,0,0,0,0,3,29,0,0,0,0,10,0,0,11,353
100107,"Carroll County, NH, USA","New Hampshire, USA","United States","44.12952, -71.18403","Land (beach, shoreline and inland)",2019-11-30,,4,0,4,68.77,0.0553,0,217,136,72,33,24,0,43,106,17,50,37,66,107,0,0,0,19,0,0,0,0,0,11,0,0,0,0,0,37,0,8,0,0,0,0,0,27,65,0,0,0,0,18,0,0,0,1093
102000,"Sullivan County, NH, USA","New Hampshire, USA","United States","43.591633, -72.331062","Watercraft (powerboat, sailboat, kayak or canoe)",2019-10-08,Hanchett,22,0,22,75,0.3,0,0,10,20,0,0,0,0,0,0,20,15,40,0,0,0,0,0,3,0,0,0,0,0,0,0,0,0,0,0,0,0,0,0,0,0,0,0,0,0,0,0,0,0,0,0,0,108
102008,"Grafton County, NH, USA","New Hampshire, USA","United States","44.29927, -71.666887","Watercraft (powerboat, sailboat, kayak or canoe)",2019-10-09,"Bethlehem, NH-CT River Conservancy",10,55,65,383,3,0,0,0,13,0,0,0,0,0,0,350,0,150,10,0,0,0,0,13,0,0,0,0,0,0,0,0,0,0,0,0,1,0,0,1,0,2,0,0,0,2,0,0,0,560,0,0,1102
102013,"Sullivan County, NH, USA","New Hampshire, USA","United States","43.350574, -72.391552","Watercraft (powerboat, sailboat, kayak or canoe)",2019-10-11,"Claremont, NH-CT River Conservancy",5,0,5,300,0.25,0,0,0,0,0,0,0,0,0,0,0,0,0,0,0,0,0,0,0,0,0,0,0,0,0,0,0,0,0,0,0,0,0,0,0,0,0,0,0,0,0,0,0,0,0,0,1,1
102022,"Coos County, NH, USA","New Hampshire, USA","United States","44.407811, -71.737695","Watercraft (powerboat, sailboat, kayak or canoe)",2019-07-11,"Walker Pitt Rd., NH-CT River Conservancy",3,0,3,150,0.5,0,0,0,13,0,0,0,0,0,0,13,13,13,0,0,0,0,0,0,0,0,0,0,0,0,0,0,0,0,0,0,0,0,0,1,0,2,0,0,0,3,0,0,0,88000,0,0,88058
102046,"Cheshire County, NH, USA","New Hampshire, USA","United States","42.782316, -72.505122","Watercraft (powerboat, sailboat, kayak or canoe)",2019-10-01,"Hinsdale, NH-CT River Conservancy",10,0,10,10,2.5,0,0,0,75,0,0,0,0,0,0,75,75,350,40,0,0,0,0,38,0,0,100,0,0,0,0,0,0,0,0,1,0,0,0,1,0,3,0,0,0,1,0,0,0,560,0,0,1319
102050,"Cheshire County, NH, USA","New Hampshire, USA","United States","42.919586, -72.280068","Watercraft (powerboat, sailboat, kayak or canoe)",2019-10-03,"Keene and Swanzey, NH-CT River Conservancy",52,21,73,3251,5,0,0,0,0,0,0,0,0,0,0,0,0,0,0,0,0,0,0,0,0,0,0,0,0,0,0,0,0,0,0,0,0,0,0,0,0,8,0,0,0,0,0,0,0,0,0,0,8
102051,"Grafton County, NH, USA","New Hampshire, USA","United States","43.658597, -72.309395","Watercraft (powerboat, sailboat, kayak or canoe)",2019-10-03,"Lebanon, NH-CT River Conservancy",55,0,55,7000,3,0,0,0,75,0,0,0,0,0,0,75,38,150,50,0,0,0,0,75,0,0,10,0,0,0,0,0,0,0,0,5,0,0,0,30,0,120,0,0,0,0,11,0,0,4200,0,0,4839
102052,"Grafton County, NH, USA","New Hampshire, USA","United States","43.658597, -72.309396","Watercraft (powerboat, sailboat, kayak or canoe)",2019-10-10,"Lebanon, NH-CT River Conservancy",12,0,12,50,1,0,0,25,38,0,0,0,0,0,0,13,13,13,0,0,0,0,0,13,0,0,0,0,0,0,0,0,0,0,0,0,0,0,0,0,0,4,0,0,0,0,1,0,0,560,0,0,680
102053,"Grafton County, NH, USA","New Hampshire, USA","United States","43.806913, -72.182054","Watercraft (powerboat, sailboat, kayak or canoe)",2019-10-11,"Lyme, NH-CT River Conservancy",3,5,8,14,1,0,0,0,13,0,0,0,0,0,0,13,0,13,0,0,0,0,0,13,0,0,0,0,0,0,0,0,0,0,0,0,1,0,0,0,0,0,0,0,0,0,0,0,0,560,0,0,613
102057,"Coos County, NH, USA","New Hampshire, USA","United States","44.74995, -71.631546","Watercraft (powerboat, sailboat, kayak or canoe)",2019-10-04,"North Stratford, NH-CT River Conservancy",6,1,7,845,10,0,0,17,38,0,0,0,0,0,0,13,75,150,9,0,0,0,0,13,0,0,25,0,0,0,0,0,0,0,0,1,5,0,0,1,0,16,0,0,0,3,0,0,0,4200,0,0,4566
102070,"Coos County, NH, USA","New Hampshire, USA","United States","45.050928, -71.393174","Watercraft (powerboat, sailboat, kayak or canoe)",2019-10-11,"Pittsburg, NH-CT River Conservancy",3,0,3,6,4,0,0,3,13,0,0,0,0,0,0,13,13,13,5,0,0,0,0,13,0,0,12,0,0,0,0,0,0,0,0,0,0,0,0,0,0,0,0,0,0,2,0,0,0,560,0,0,647
102569,"Rockingham County, NH, USA","New Hampshire, USA","United States","42.892506750126, -70.813373455666","Land (beach, shoreline and inland)",2019-09-21,"Winnacunnet HS",38,0,38,100,1,0,605,136,6,0,17,6,3,18,5,11,22,15,8,12,7,7,1,3,0,0,2,2,0,0,20,0,4,1,0,1,2,4,2,10,0,0,0,0,0,0,0,0,0,18,30,32,1010
Totals:,,,,,,,,,,,,,,63039,5605,885,285,3601,971,646,1579,406,2810,1697,3846,862,1266,513,685,735,924,2491,1556,688,3900,29,25,3014,434,1628,308,75,50,449,630,151,1332,863,536,78,193,53,70,43,56,60,120565,3647,17669
